;DATE;Unnamed: 0;stations;lat;lon;y;x;z;h_reg;h_loc;WL_berekend;Q_in;Q_out;Q_net;Q_m
0;jan-72;5917.333333;216;106.0043869;10.38158609;1114551;283600;0;0;-0.608666661;0;0;0;347.542;0
1;jan-73;5918.333333;216;106.0043869;10.38158609;1114551;283600;0;0;-0.638333318;0;0;0;432.0256667;0
2;jan-74;5919.333333;216;106.0043869;10.38158609;1114551;283600;0;0;-0.616666658;0;0;0;713.259;0
3;jan-75;5920.333333;216;106.0043869;10.38158609;1114551;283600;0;0;0.262666661;0;0;0;1168.310667;0
4;jan-76;5921.333333;216;106.0043869;10.38158609;1114551;283600;0;0;-0.419999993;0;0;0;693.142;0
5;jan-77;5922.333333;216;106.0043869;10.38158609;1114551;283600;0;0;-0.750999983;0;0;0;428.61;0
6;jan-78;5923.333333;216;106.0043869;10.38158609;1114551;283600;0;0;-0.48199999;0;0;0;769.2946667;0
7;jan-79;5924.333333;216;106.0043869;10.38158609;1114551;283600;0;0;-0.637666659;0;0;0;650.1876667;0
8;jan-80;5925.333333;216;106.0043869;10.38158609;1114551;283600;0;0;-0.470333326;0;0;0;937.4493333;0
9;jan-81;5926.333333;216;106.0043869;10.38158609;1114551;283600;0;0;0.006666666;0;0;0;1112.072667;0
10;jan-82;5927.333333;216;106.0043869;10.38158609;1114551;283600;0;0;-0.052333332;0;0;0;1202.68;0
11;jan-83;5928.333333;216;106.0043869;10.38158609;1114551;283600;0;0;0.214333327;0;0;0;865.322;0
12;jan-84;5929.333333;216;106.0043869;10.38158609;1114551;283600;0;0;0.099999998;0;0;0;1000.346333;0
13;jan-85;5930.333333;216;106.0043869;10.38158609;1114551;283600;0;0;-0.674999982;0;0;0;554.9586667;0
14;jan-86;5931.333333;216;106.0043869;10.38158609;1114551;283600;0;0;-0.077666661;0;0;0;926.1783333;0
15;jan-87;5932.333333;216;106.0043869;10.38158609;1114551;283600;0;0;-0.257666667;0;0;0;1355.094333;0
16;jan-88;5933.333333;216;106.0043869;10.38158609;1114551;283600;0;0;0.018666665;0;0;0;931.8513333;0
17;jan-89;5934.333333;216;106.0043869;10.38158609;1114551;283600;0;0;-0.358666659;0;0;0;739.6236667;0
18;jan-90;5935.333333;216;106.0043869;10.38158609;1114551;283600;0;0;-0.537333323;0;0;0;478.9156667;0
19;jan-91;5936.333333;216;106.0043869;10.38158609;1114551;283600;0;0;-0.100333331;0;0;0;1149.146;0
20;jan-92;5937.333333;216;106.0043869;10.38158609;1114551;283600;0;0;-0.507999988;0;0;0;699.824;0
21;jan-93;5938.333333;216;106.0043869;10.38158609;1114551;283600;0;0;-0.228999998;0;0;0;679.7496667;0
22;jan-94;5939.333333;216;106.0043869;10.38158609;1114551;283600;0;0;0.571666659;0;0;0;1471.235333;0
23;jan-95;5940.333333;216;106.0043869;10.38158609;1114551;283600;0;0;0.151666661;0;0;0;1170.33;0
24;jan-96;5941.333333;216;106.0043869;10.38158609;1114551;283600;0;0;-0.784666644;0;0;0;418.8063333;0
25;jan-97;5942.333333;216;106.0043869;10.38158609;1114551;283600;0;0;-0.749999973;0;0;0;403.0223333;0
26;jan-98;5943.333333;216;106.0043869;10.38158609;1114551;283600;0;0;-0.322999997;0;0;0;923.6843333;0
27;jan-99;5944.333333;216;106.0043869;10.38158609;1114551;283600;0;0;-0.501999995;0;0;0;911.1033333;0
28;jan-00;5945.333333;216;106.0043869;10.38158609;1114551;283600;0;0;-0.321333326;0;0;0;1133.845;0
29;jan-01;5946.333333;216;106.0043869;10.38158609;1114551;283600;0;0;-0.151333329;0;0;0;947.2363333;0
30;jan-02;5947.333333;216;106.0043869;10.38158609;1114551;283600;0;0;-0.415999994;0;0;0;803.91;0
31;jan-03;5948.333333;216;106.0043869;10.38158609;1114551;283600;0;0;0.508333321;0;0;0;1170.899333;0
32;feb-72;5376;216;106.0043869;10.38158609;1114551;283600;0;0;-0.626551706;0;0;0;319.572069;0
33;feb-73;5185;216;106.0043869;10.38158609;1114551;283600;0;0;-0.642142853;0;0;0;403.5039286;0
34;feb-74;5186;216;106.0043869;10.38158609;1114551;283600;0;0;-0.68714284;0;0;0;603.4453571;0
35;feb-75;5187;216;106.0043869;10.38158609;1114551;283600;0;0;-0.496071414;0;0;0;1022.402857;0
36;feb-76;5379.896552;216;106.0043869;10.38158609;1114551;283600;0;0;-0.781034453;0;0;0;465.7865517;0
37;feb-77;5189;216;106.0043869;10.38158609;1114551;283600;0;0;-0.48178571;0;0;0;822.9332143;0
38;feb-78;5190;216;106.0043869;10.38158609;1114551;283600;0;0;-0.792142829;0;0;0;517.5532143;0
39;feb-79;5191;216;106.0043869;10.38158609;1114551;283600;0;0;-0.652857134;0;0;0;863.3310714;0
40;feb-80;5383.793103;216;106.0043869;10.38158609;1114551;283600;0;0;-0.32034482;0;0;0;1064.469655;0
41;feb-81;5193;216;106.0043869;10.38158609;1114551;283600;0;0;-0.438214279;0;0;0;882.1517857;0
42;feb-82;5194;216;106.0043869;10.38158609;1114551;283600;0;0;-0.449642851;0;0;0;1047.029286;0
43;feb-83;5195;216;106.0043869;10.38158609;1114551;283600;0;0;-0.310714279;0;0;0;1163.683929;0
44;feb-84;5387.689655;216;106.0043869;10.38158609;1114551;283600;0;0;-0.254482755;0;0;0;1272.111724;0
45;feb-85;5197;216;106.0043869;10.38158609;1114551;283600;0;0;-0.644285697;0;0;0;718.9446429;0
46;feb-86;5198;216;106.0043869;10.38158609;1114551;283600;0;0;-0.719999969;0;0;0;756.8503571;0
47;feb-87;5199;216;106.0043869;10.38158609;1114551;283600;0;0;-0.715714276;0;0;0;527.2017857;0
48;feb-88;5391.586207;216;106.0043869;10.38158609;1114551;283600;0;0;0.269999996;0;0;0;1156.378621;0
49;feb-89;5201;216;106.0043869;10.38158609;1114551;283600;0;0;-0.660357129;0;0;0;393.1796429;0
50;feb-90;5202;216;106.0043869;10.38158609;1114551;283600;0;0;-0.17785714;0;0;0;607.3192857;0
51;feb-91;5203;216;106.0043869;10.38158609;1114551;283600;0;0;-0.789285689;0;0;0;398.7253571;0
52;feb-92;5395.482759;216;106.0043869;10.38158609;1114551;283600;0;0;-0.748965505;0;0;0;418.8458621;0
53;feb-93;5205;216;106.0043869;10.38158609;1114551;283600;0;0;-0.574285704;0;0;0;764.3471429;0
54;feb-94;5206;216;106.0043869;10.38158609;1114551;283600;0;0;-0.337499997;0;0;0;1328.531071;0
55;feb-95;5207;216;106.0043869;10.38158609;1114551;283600;0;0;0.716785697;0;0;0;1562.406071;0
56;feb-96;5399.37931;216;106.0043869;10.38158609;1114551;283600;0;0;-0.776206877;0;0;0;400.8913793;0
57;feb-97;5209;216;106.0043869;10.38158609;1114551;283600;0;0;-0.674285704;0;0;0;616.9007143;0
58;feb-98;5210;216;106.0043869;10.38158609;1114551;283600;0;0;-0.79142854;0;0;0;424.2517857;0
59;feb-99;5211;216;106.0043869;10.38158609;1114551;283600;0;0;-0.613214276;0;0;0;840.075;0
60;feb-00;5403.275862;216;106.0043869;10.38158609;1114551;283600;0;0;-0.440689649;0;0;0;925.0644828;0
61;feb-01;5213;216;106.0043869;10.38158609;1114551;283600;0;0;-0.312857134;0;0;0;1054.567143;0
62;feb-02;5214;216;106.0043869;10.38158609;1114551;283600;0;0;-0.241428569;0;0;0;1292.418929;0
63;feb-03;5215;216;106.0043869;10.38158609;1114551;283600;0;0;-0.33107142;0;0;0;1096.238929;0
64;mrt-72;5786.580645;216;106.0043869;10.38158609;1114551;283600;0;0;-0.638387086;0;0;0;102.9925806;0
65;mrt-73;5787.580645;216;106.0043869;10.38158609;1114551;283600;0;0;-0.402580636;0;0;0;334.5590323;0
66;mrt-74;5788.580645;216;106.0043869;10.38158609;1114551;283600;0;0;-0.565483851;0;0;0;309.9725806;0
67;mrt-75;5789.580645;216;106.0043869;10.38158609;1114551;283600;0;0;-0.539999989;0;0;0;347.9048387;0
68;mrt-76;5790.580645;216;106.0043869;10.38158609;1114551;283600;0;0;-0.616774177;0;0;0;164.9551613;0
69;mrt-77;5791.580645;216;106.0043869;10.38158609;1114551;283600;0;0;-0.333225799;0;0;0;502.5935484;0
70;mrt-78;5792.580645;216;106.0043869;10.38158609;1114551;283600;0;0;-0.397096765;0;0;0;669.3096774;0
71;mrt-79;5793.580645;216;106.0043869;10.38158609;1114551;283600;0;0;-0.349354833;0;0;0;756.3335484;0
72;mrt-80;5794.580645;216;106.0043869;10.38158609;1114551;283600;0;0;-0.539999994;0;0;0;321.8170968;0
73;mrt-81;5795.580645;216;106.0043869;10.38158609;1114551;283600;0;0;-0.274838707;0;0;0;899.0825806;0
74;mrt-82;5796.580645;216;106.0043869;10.38158609;1114551;283600;0;0;-0.435161282;0;0;0;490.4664516;0
75;mrt-83;5797.580645;216;106.0043869;10.38158609;1114551;283600;0;0;-0.46290322;0;0;0;520.2412903;0
76;mrt-84;5798.580645;216;106.0043869;10.38158609;1114551;283600;0;0;-0.576774175;0;0;0;306.2074194;0
77;mrt-85;5799.580645;216;106.0043869;10.38158609;1114551;283600;0;0;-0.573225787;0;0;0;283.4745161;0
78;mrt-86;5800.580645;216;106.0043869;10.38158609;1114551;283600;0;0;-0.570967725;0;0;0;311.1890323;0
79;mrt-87;5801.580645;216;106.0043869;10.38158609;1114551;283600;0;0;-0.494838705;0;0;0;657.5658065;0
80;mrt-88;5802.580645;216;106.0043869;10.38158609;1114551;283600;0;0;0.067741933;0;0;0;1086.476129;0
81;mrt-89;5803.580645;216;106.0043869;10.38158609;1114551;283600;0;0;-0.246451604;0;0;0;632.2877419;0
82;mrt-90;5804.580645;216;106.0043869;10.38158609;1114551;283600;0;0;0.061935483;0;0;0;837.4670968;0
83;mrt-91;5805.580645;216;106.0043869;10.38158609;1114551;283600;0;0;-0.57935482;0;0;0;227.0832258;0
84;mrt-92;5806.580645;216;106.0043869;10.38158609;1114551;283600;0;0;-0.4564516;0;0;0;462.6151613;0
85;mrt-93;5807.580645;216;106.0043869;10.38158609;1114551;283600;0;0;-0.59161288;0;0;0;240.79;0
86;mrt-94;5808.580645;216;106.0043869;10.38158609;1114551;283600;0;0;-0.326129026;0;0;0;658.9670968;0
87;mrt-95;5809.580645;216;106.0043869;10.38158609;1114551;283600;0;0;0.169677413;0;0;0;1189.749677;0
88;mrt-96;5810.580645;216;106.0043869;10.38158609;1114551;283600;0;0;-0.630645139;0;0;0;160.7532258;0
89;mrt-97;5811.580645;216;106.0043869;10.38158609;1114551;283600;0;0;-0.314838701;0;0;0;531.9725806;0
90;mrt-98;5812.580645;216;106.0043869;10.38158609;1114551;283600;0;0;-0.38419354;0;0;0;516.3709677;0
91;mrt-99;5813.580645;216;106.0043869;10.38158609;1114551;283600;0;0;-0.082258061;0;0;0;1035.795484;0
92;mrt-00;5814.580645;216;106.0043869;10.38158609;1114551;283600;0;0;-0.187419349;0;0;0;941.3377419;0
93;mrt-01;5815.580645;216;106.0043869;10.38158609;1114551;283600;0;0;-0.329032248;0;0;0;774.27;0
94;mrt-02;5816.580645;216;106.0043869;10.38158609;1114551;283600;0;0;-0.046774192;0;0;0;1099.399355;0
95;mrt-03;5817.580645;216;106.0043869;10.38158609;1114551;283600;0;0;-0.532903214;0;0;0;303.1345161;0
96;apr-72;5629.333333;216;106.0043869;10.38158609;1114551;283600;0;0;-0.336333318;0;0;0;312.9123333;0
97;apr-73;5630.333333;216;106.0043869;10.38158609;1114551;283600;0;0;-0.30333332;0;0;0;412.6873333;0
98;apr-74;5631.333333;216;106.0043869;10.38158609;1114551;283600;0;0;-0.343999989;0;0;0;173.3823333;0
99;apr-75;5632.333333;216;106.0043869;10.38158609;1114551;283600;0;0;-0.290999988;0;0;0;600.569;0
100;apr-76;5633.333333;216;106.0043869;10.38158609;1114551;283600;0;0;-0.346333321;0;0;0;113.0426667;0
101;apr-77;5634.333333;216;106.0043869;10.38158609;1114551;283600;0;0;-0.292999989;0;0;0;428.9876667;0
102;apr-78;5635.333333;216;106.0043869;10.38158609;1114551;283600;0;0;-0.297666652;0;0;0;557.8396667;0
103;apr-79;5636.333333;216;106.0043869;10.38158609;1114551;283600;0;0;-0.289333322;0;0;0;646.0166667;0
104;apr-80;5637.333333;216;106.0043869;10.38158609;1114551;283600;0;0;-0.292333324;0;0;0;421.2813333;0
105;apr-81;5638.333333;216;106.0043869;10.38158609;1114551;283600;0;0;-0.301999985;0;0;0;549.7486667;0
106;apr-82;5639.333333;216;106.0043869;10.38158609;1114551;283600;0;0;-0.298333323;0;0;0;388.1736667;0
107;apr-83;5640.333333;216;106.0043869;10.38158609;1114551;283600;0;0;-0.125333331;0;0;0;1032.411333;0
108;apr-84;5641.333333;216;106.0043869;10.38158609;1114551;283600;0;0;-0.307333319;0;0;0;364.717;0
109;apr-85;5642.333333;216;106.0043869;10.38158609;1114551;283600;0;0;-0.280333326;0;0;0;521.184;0
110;apr-86;5643.333333;216;106.0043869;10.38158609;1114551;283600;0;0;-0.284999991;0;0;0;749.5336667;0
111;apr-87;5644.333333;216;106.0043869;10.38158609;1114551;283600;0;0;-0.291999988;0;0;0;543.5333333;0
112;apr-88;5645.333333;216;106.0043869;10.38158609;1114551;283600;0;0;-0.097333327;0;0;0;1227.79;0
113;apr-89;5646.333333;216;106.0043869;10.38158609;1114551;283600;0;0;-0.289666657;0;0;0;651.96;0
114;apr-90;5647.333333;216;106.0043869;10.38158609;1114551;283600;0;0;-0.288666654;0;0;0;358.076;0
115;apr-91;5648.333333;216;106.0043869;10.38158609;1114551;283600;0;0;-0.332666654;0;0;0;199.981;0
116;apr-92;5649.333333;216;106.0043869;10.38158609;1114551;283600;0;0;-0.28299999;0;0;0;497.9233333;0
117;apr-93;5650.333333;216;106.0043869;10.38158609;1114551;283600;0;0;-0.323666656;0;0;0;265.943;0
118;apr-94;5651.333333;216;106.0043869;10.38158609;1114551;283600;0;0;-0.245999995;0;0;0;922.6043333;0
119;apr-95;5652.333333;216;106.0043869;10.38158609;1114551;283600;0;0;-0.222999993;0;0;0;835.145;0
120;apr-96;5653.333333;216;106.0043869;10.38158609;1114551;283600;0;0;-0.343333322;0;0;0;143.9226667;0
121;apr-97;5654.333333;216;106.0043869;10.38158609;1114551;283600;0;0;-0.299333322;0;0;0;297.3203333;0
122;apr-98;5655.333333;216;106.0043869;10.38158609;1114551;283600;0;0;-0.295666654;0;0;0;627.625;0
123;apr-99;5656.333333;216;106.0043869;10.38158609;1114551;283600;0;0;-0.285333323;0;0;0;690.0956667;0
124;apr-00;5657.333333;216;106.0043869;10.38158609;1114551;283600;0;0;-0.280999988;0;0;0;545.488;0
125;apr-01;5658.333333;216;106.0043869;10.38158609;1114551;283600;0;0;-0.264666659;0;0;0;1026.419667;0
126;apr-02;5659.333333;216;106.0043869;10.38158609;1114551;283600;0;0;-0.293666655;0;0;0;497.2266667;0
127;apr-03;5660.333333;216;106.0043869;10.38158609;1114551;283600;0;0;-0.325666654;0;0;0;235.3376667;0
128;mei-72;5849.548387;216;106.0043869;10.38158609;1114551;283600;0;0;-0.401290304;0;0;0;286.1877419;0
129;mei-73;5850.548387;216;106.0043869;10.38158609;1114551;283600;0;0;-0.399999984;0;0;0;357.2919355;0
130;mei-74;5851.548387;216;106.0043869;10.38158609;1114551;283600;0;0;-0.400967723;0;0;0;192.9467742;0
131;mei-75;5852.548387;216;106.0043869;10.38158609;1114551;283600;0;0;-0.402258047;0;0;0;304.3619355;0
132;mei-76;5853.548387;216;106.0043869;10.38158609;1114551;283600;0;0;-0.402580628;0;0;0;99.46903226;0
133;mei-77;5854.548387;216;106.0043869;10.38158609;1114551;283600;0;0;-0.399677402;0;0;0;339.883871;0
134;mei-78;5855.548387;216;106.0043869;10.38158609;1114551;283600;0;0;-0.39999998;0;0;0;365.3632258;0
135;mei-79;5856.548387;216;106.0043869;10.38158609;1114551;283600;0;0;-0.376774181;0;0;0;573.57;0
136;mei-80;5857.548387;216;106.0043869;10.38158609;1114551;283600;0;0;-0.402903209;0;0;0;201.2935484;0
137;mei-81;5858.548387;216;106.0043869;10.38158609;1114551;283600;0;0;-0.399032239;0;0;0;341.5667742;0
138;mei-82;5859.548387;216;106.0043869;10.38158609;1114551;283600;0;0;-0.401612887;0;0;0;262.6612903;0
139;mei-83;5860.548387;216;106.0043869;10.38158609;1114551;283600;0;0;-0.328709671;0;0;0;840.763871;0
140;mei-84;5861.548387;216;106.0043869;10.38158609;1114551;283600;0;0;-0.394516116;0;0;0;407.5877419;0
141;mei-85;5862.548387;216;106.0043869;10.38158609;1114551;283600;0;0;-0.397741916;0;0;0;420.9229032;0
142;mei-86;5863.548387;216;106.0043869;10.38158609;1114551;283600;0;0;-0.397741918;0;0;0;467.4390323;0
143;mei-87;5864.548387;216;106.0043869;10.38158609;1114551;283600;0;0;-0.389677404;0;0;0;444.163871;0
144;mei-88;5865.548387;216;106.0043869;10.38158609;1114551;283600;0;0;-0.400967723;0;0;0;347.9593548;0
145;mei-89;5866.548387;216;106.0043869;10.38158609;1114551;283600;0;0;-0.39999998;0;0;0;219.9464516;0
146;mei-90;5867.548387;216;106.0043869;10.38158609;1114551;283600;0;0;-0.400645142;0;0;0;183.9229032;0
147;mei-91;5868.548387;216;106.0043869;10.38158609;1114551;283600;0;0;-0.400645142;0;0;0;214.3354839;0
148;mei-92;5869.548387;216;106.0043869;10.38158609;1114551;283600;0;0;-0.397419337;0;0;0;258.4887097;0
149;mei-93;5870.548387;216;106.0043869;10.38158609;1114551;283600;0;0;-0.400322561;0;0;0;238.5819355;0
150;mei-94;5871.548387;216;106.0043869;10.38158609;1114551;283600;0;0;-0.397096757;0;0;0;443.8074194;0
151;mei-95;5872.548387;216;106.0043869;10.38158609;1114551;283600;0;0;-0.396129016;0;0;0;479.5319355;0
152;mei-96;5873.548387;216;106.0043869;10.38158609;1114551;283600;0;0;-0.39999998;0;0;0;214.0451613;0
153;mei-97;5874.548387;216;106.0043869;10.38158609;1114551;283600;0;0;-0.401935466;0;0;0;329.2480645;0
154;mei-98;5875.548387;216;106.0043869;10.38158609;1114551;283600;0;0;-0.39999998;0;0;0;287.7332258;0
155;mei-99;5876.548387;216;106.0043869;10.38158609;1114551;283600;0;0;-0.395161273;0;0;0;494.9203226;0
156;mei-00;5877.548387;216;106.0043869;10.38158609;1114551;283600;0;0;-0.400322561;0;0;0;373.5664516;0
157;mei-01;5878.548387;216;106.0043869;10.38158609;1114551;283600;0;0;-0.386774178;0;0;0;508.6490323;0
158;mei-02;5879.548387;216;106.0043869;10.38158609;1114551;283600;0;0;-0.394838694;0;0;0;439.3519355;0
159;mei-03;5880.548387;216;106.0043869;10.38158609;1114551;283600;0;0;-0.399032239;0;0;0;349.2422581;0
160;jun-72;5693.333333;216;106.0043869;10.38158609;1114551;283600;0;0;-0.398333315;0;0;0;288.0476667;0
161;jun-73;5694.333333;216;106.0043869;10.38158609;1114551;283600;0;0;-0.401333315;0;0;0;135.9886667;0
162;jun-74;5695.333333;216;106.0043869;10.38158609;1114551;283600;0;0;-0.399999981;0;0;0;163.3746667;0
163;jun-75;5696.333333;216;106.0043869;10.38158609;1114551;283600;0;0;-0.401999982;0;0;0;192.7103333;0
164;jun-76;5697.333333;216;106.0043869;10.38158609;1114551;283600;0;0;-0.414666652;0;0;0;56.51666667;0
165;jun-77;5698.333333;216;106.0043869;10.38158609;1114551;283600;0;0;-0.402666649;0;0;0;208.2243333;0
166;jun-78;5699.333333;216;106.0043869;10.38158609;1114551;283600;0;0;-0.399333317;0;0;0;348.7723333;0
167;jun-79;5700.333333;216;106.0043869;10.38158609;1114551;283600;0;0;-0.398666648;0;0;0;454.0966667;0
168;jun-80;5701.333333;216;106.0043869;10.38158609;1114551;283600;0;0;-0.393666652;0;0;0;266.035;0
169;jun-81;5702.333333;216;106.0043869;10.38158609;1114551;283600;0;0;-0.397999982;0;0;0;338.828;0
170;jun-82;5703.333333;216;106.0043869;10.38158609;1114551;283600;0;0;-0.39766665;0;0;0;327.87;0
171;jun-83;5704.333333;216;106.0043869;10.38158609;1114551;283600;0;0;-0.333999988;0;0;0;661.0763333;0
172;jun-84;5705.333333;216;106.0043869;10.38158609;1114551;283600;0;0;-0.385666652;0;0;0;531.498;0
173;jun-85;5706.333333;216;106.0043869;10.38158609;1114551;283600;0;0;-0.383999991;0;0;0;490.383;0
174;jun-86;5707.333333;216;106.0043869;10.38158609;1114551;283600;0;0;-0.370666651;0;0;0;395.2146667;0
175;jun-87;5708.333333;216;106.0043869;10.38158609;1114551;283600;0;0;-0.381333322;0;0;0;638.2103333;0
176;jun-88;5709.333333;216;106.0043869;10.38158609;1114551;283600;0;0;-0.400666649;0;0;0;324.5183333;0
177;jun-89;5710.333333;216;106.0043869;10.38158609;1114551;283600;0;0;-0.403333317;0;0;0;163.3806667;0
178;jun-90;5711.333333;216;106.0043869;10.38158609;1114551;283600;0;0;-0.399333314;0;0;0;245.9063333;0
179;jun-91;5712.333333;216;106.0043869;10.38158609;1114551;283600;0;0;-0.394333319;0;0;0;398.7523333;0
180;jun-92;5713.333333;216;106.0043869;10.38158609;1114551;283600;0;0;-0.401333315;0;0;0;196.8306667;0
181;jun-93;5714.333333;216;106.0043869;10.38158609;1114551;283600;0;0;-0.400666647;0;0;0;177.131;0
182;jun-94;5715.333333;216;106.0043869;10.38158609;1114551;283600;0;0;-0.388999986;0;0;0;405.605;0
183;jun-95;5716.333333;216;106.0043869;10.38158609;1114551;283600;0;0;-0.341333323;0;0;0;557.5553333;0
184;jun-96;5717.333333;216;106.0043869;10.38158609;1114551;283600;0;0;-0.401666648;0;0;0;144.3676667;0
185;jun-97;5718.333333;216;106.0043869;10.38158609;1114551;283600;0;0;-0.399999983;0;0;0;292.915;0
186;jun-98;5719.333333;216;106.0043869;10.38158609;1114551;283600;0;0;-0.393999983;0;0;0;447.289;0
187;jun-99;5720.333333;216;106.0043869;10.38158609;1114551;283600;0;0;-0.397333316;0;0;0;459.4716667;0
188;jun-00;5721.333333;216;106.0043869;10.38158609;1114551;283600;0;0;-0.399333314;0;0;0;252.478;0
189;jun-01;5722.333333;216;106.0043869;10.38158609;1114551;283600;0;0;-0.397999982;0;0;0;304.3273333;0
190;jun-02;5723.333333;216;106.0043869;10.38158609;1114551;283600;0;0;-0.398333316;0;0;0;307.967;0
191;jun-03;5724.333333;216;106.0043869;10.38158609;1114551;283600;0;0;-0.400666647;0;0;0;168.7903333;0
192;jul-72;5912.516129;216;106.0043869;10.38158609;1114551;283600;0;0;-0.395483855;0;0;0;320.3103226;0
193;jul-73;5913.516129;216;106.0043869;10.38158609;1114551;283600;0;0;-0.399999983;0;0;0;223.7616129;0
194;jul-74;5914.516129;216;106.0043869;10.38158609;1114551;283600;0;0;-0.396774175;0;0;0;254.0222581;0
195;jul-75;5915.516129;216;106.0043869;10.38158609;1114551;283600;0;0;-0.402580628;0;0;0;235.1267742;0
196;jul-76;5916.516129;216;106.0043869;10.38158609;1114551;283600;0;0;-0.634838692;0;0;0;-0.018709677;0
197;jul-77;5917.516129;216;106.0043869;10.38158609;1114551;283600;0;0;-0.401935466;0;0;0;147.7412903;0
198;jul-78;5918.516129;216;106.0043869;10.38158609;1114551;283600;0;0;-0.394516112;0;0;0;342.3419355;0
199;jul-79;5919.516129;216;106.0043869;10.38158609;1114551;283600;0;0;-0.39999998;0;0;0;203.8316129;0
200;jul-80;5920.516129;216;106.0043869;10.38158609;1114551;283600;0;0;-0.258064511;0;0;0;798.0606452;0
201;jul-81;5921.516129;216;106.0043869;10.38158609;1114551;283600;0;0;-0.399999981;0;0;0;305.5880645;0
202;jul-82;5922.516129;216;106.0043869;10.38158609;1114551;283600;0;0;-0.401290304;0;0;0;160.3445161;0
203;jul-83;5923.516129;216;106.0043869;10.38158609;1114551;283600;0;0;-0.400645142;0;0;0;117.2158065;0
204;jul-84;5924.516129;216;106.0043869;10.38158609;1114551;283600;0;0;-0.400322562;0;0;0;311.3822581;0
205;jul-85;5925.516129;216;106.0043869;10.38158609;1114551;283600;0;0;-0.395806434;0;0;0;352.0087097;0
206;jul-86;5926.516129;216;106.0043869;10.38158609;1114551;283600;0;0;-0.39999998;0;0;0;159.4370968;0
207;jul-87;5927.516129;216;106.0043869;10.38158609;1114551;283600;0;0;-0.369032248;0;0;0;584.7622581;0
208;jul-88;5928.516129;216;106.0043869;10.38158609;1114551;283600;0;0;-0.389999985;0;0;0;410.7774194;0
209;jul-89;5929.516129;216;106.0043869;10.38158609;1114551;283600;0;0;-0.401290305;0;0;0;151.8387097;0
210;jul-90;5930.516129;216;106.0043869;10.38158609;1114551;283600;0;0;-0.395483854;0;0;0;149.6806452;0
211;jul-91;5931.516129;216;106.0043869;10.38158609;1114551;283600;0;0;-0.39999998;0;0;0;225.4748387;0
212;jul-92;5932.516129;216;106.0043869;10.38158609;1114551;283600;0;0;-0.399354821;0;0;0;166.7229032;0
213;jul-93;5933.516129;216;106.0043869;10.38158609;1114551;283600;0;0;-0.382903213;0;0;0;352.0429032;0
214;jul-94;5934.516129;216;106.0043869;10.38158609;1114551;283600;0;0;-0.39999998;0;0;0;140.1180645;0
215;jul-95;5935.516129;216;106.0043869;10.38158609;1114551;283600;0;0;-0.400322561;0;0;0;200.4074194;0
216;jul-96;5936.516129;216;106.0043869;10.38158609;1114551;283600;0;0;-0.401290304;0;0;0;174.4135484;0
217;jul-97;5937.516129;216;106.0043869;10.38158609;1114551;283600;0;0;-0.39903224;0;0;0;337.4274194;0
218;jul-98;5938.516129;216;106.0043869;10.38158609;1114551;283600;0;0;-0.400645142;0;0;0;287.0754839;0
219;jul-99;5939.516129;216;106.0043869;10.38158609;1114551;283600;0;0;-0.399032241;0;0;0;237.1558065;0
220;jul-00;5940.516129;216;106.0043869;10.38158609;1114551;283600;0;0;-0.391935469;0;0;0;330.0896774;0
221;jul-01;5941.516129;216;106.0043869;10.38158609;1114551;283600;0;0;-0.399354819;0;0;0;243.6616129;0
222;jul-02;5942.516129;216;106.0043869;10.38158609;1114551;283600;0;0;-0.400322561;0;0;0;291.0570968;0
223;jul-03;5943.516129;216;106.0043869;10.38158609;1114551;283600;0;0;-0.403548371;0;0;0;101.5667742;0
224;aug-72;5944.516129;216;106.0043869;10.38158609;1114551;283600;0;0;-0.398064498;0;0;0;258.843871;0
225;aug-73;5945.516129;216;106.0043869;10.38158609;1114551;283600;0;0;-0.398064497;0;0;0;157.2122581;0
226;aug-74;5946.516129;216;106.0043869;10.38158609;1114551;283600;0;0;-0.3996774;0;0;0;180.4106452;0
227;aug-75;5947.516129;216;106.0043869;10.38158609;1114551;283600;0;0;-0.406451599;0;0;0;111.52;0
228;aug-76;5948.516129;216;106.0043869;10.38158609;1114551;283600;0;0;-0.583870954;0;0;0;0.007096774;0
229;aug-77;5949.516129;216;106.0043869;10.38158609;1114551;283600;0;0;-0.400645142;0;0;0;331.6790323;0
230;aug-78;5950.516129;216;106.0043869;10.38158609;1114551;283600;0;0;-0.39999998;0;0;0;244.7548387;0
231;aug-79;5951.516129;216;106.0043869;10.38158609;1114551;283600;0;0;-0.39999998;0;0;0;230.5103226;0
232;aug-80;5952.516129;216;106.0043869;10.38158609;1114551;283600;0;0;-0.380322565;0;0;0;357.5477419;0
233;aug-81;5953.516129;216;106.0043869;10.38158609;1114551;283600;0;0;-0.3996774;0;0;0;238.7629032;0
234;aug-82;5954.516129;216;106.0043869;10.38158609;1114551;283600;0;0;-0.398064505;0;0;0;271.3051613;0
235;aug-83;5955.516129;216;106.0043869;10.38158609;1114551;283600;0;0;-0.402580628;0;0;0;120.5822581;0
236;aug-84;5956.516129;216;106.0043869;10.38158609;1114551;283600;0;0;-0.400645142;0;0;0;133.3606452;0
237;aug-85;5957.516129;216;106.0043869;10.38158609;1114551;283600;0;0;-0.390967727;0;0;0;390.3483871;0
238;aug-86;5958.516129;216;106.0043869;10.38158609;1114551;283600;0;0;-0.386774178;0;0;0;186.3248387;0
239;aug-87;5959.516129;216;106.0043869;10.38158609;1114551;283600;0;0;-0.354516119;0;0;0;496.4729032;0
240;aug-88;5960.516129;216;106.0043869;10.38158609;1114551;283600;0;0;-0.389677403;0;0;0;299.7312903;0
241;aug-89;5961.516129;216;106.0043869;10.38158609;1114551;283600;0;0;-0.396451596;0;0;0;198.5548387;0
242;aug-90;5962.516129;216;106.0043869;10.38158609;1114551;283600;0;0;-0.398064498;0;0;0;115.5383871;0
243;aug-91;5963.516129;216;106.0043869;10.38158609;1114551;283600;0;0;-0.400967723;0;0;0;76.51806452;0
244;aug-92;5964.516129;216;106.0043869;10.38158609;1114551;283600;0;0;-0.39870966;0;0;0;239.9474194;0
245;aug-93;5965.516129;216;106.0043869;10.38158609;1114551;283600;0;0;-0.391612886;0;0;0;369.0154839;0
246;aug-94;5966.516129;216;106.0043869;10.38158609;1114551;283600;0;0;-0.394838692;0;0;0;233.4483871;0
247;aug-95;5967.516129;216;106.0043869;10.38158609;1114551;283600;0;0;-0.397419337;0;0;0;130.8606452;0
248;aug-96;5968.516129;216;106.0043869;10.38158609;1114551;283600;0;0;-0.400645146;0;0;0;237.583871;0
249;aug-97;5969.516129;216;106.0043869;10.38158609;1114551;283600;0;0;-0.400645142;0;0;0;183.8445161;0
250;aug-98;5970.516129;216;106.0043869;10.38158609;1114551;283600;0;0;-0.398709659;0;0;0;198.0280645;0
251;aug-99;5971.516129;216;106.0043869;10.38158609;1114551;283600;0;0;-0.398709659;0;0;0;281.6845161;0
252;aug-00;5972.516129;216;106.0043869;10.38158609;1114551;283600;0;0;-0.391612886;0;0;0;253.7929032;0
253;aug-01;5973.516129;216;106.0043869;10.38158609;1114551;283600;0;0;-0.39838708;0;0;0;355.2409677;0
254;aug-02;5974.516129;216;106.0043869;10.38158609;1114551;283600;0;0;-0.379032245;0;0;0;396.5822581;0
255;aug-03;5975.516129;216;106.0043869;10.38158609;1114551;283600;0;0;-0.440645152;0;0;0;0.003548387;0
256;sep-72;5789.333333;216;106.0043869;10.38158609;1114551;283600;0;0;-0.573333308;0;0;0;314.905;0
257;sep-73;5790.333333;216;106.0043869;10.38158609;1114551;283600;0;0;-0.581333311;0;0;0;304.763;0
258;sep-74;5791.333333;216;106.0043869;10.38158609;1114551;283600;0;0;-0.550333312;0;0;0;378.8323333;0
259;sep-75;5792.333333;216;106.0043869;10.38158609;1114551;283600;0;0;-0.567666645;0;0;0;365.7933333;0
260;sep-76;5793.333333;216;106.0043869;10.38158609;1114551;283600;0;0;-0.595999967;0;0;0;152.5766667;0
261;sep-77;5794.333333;216;106.0043869;10.38158609;1114551;283600;0;0;-0.584666637;0;0;0;294.6393333;0
262;sep-78;5795.333333;216;106.0043869;10.38158609;1114551;283600;0;0;-0.528999987;0;0;0;343.6866667;0
263;sep-79;5796.333333;216;106.0043869;10.38158609;1114551;283600;0;0;-0.565333306;0;0;0;312.939;0
264;sep-80;5797.333333;216;106.0043869;10.38158609;1114551;283600;0;0;-0.582666639;0;0;0;327.0246667;0
265;sep-81;5798.333333;216;106.0043869;10.38158609;1114551;283600;0;0;-0.591999965;0;0;0;332.1133333;0
266;sep-82;5799.333333;216;106.0043869;10.38158609;1114551;283600;0;0;-0.580999974;0;0;0;300.06;0
267;sep-83;5800.333333;216;106.0043869;10.38158609;1114551;283600;0;0;-0.484333318;0;0;0;407.9473333;0
268;sep-84;5801.333333;216;106.0043869;10.38158609;1114551;283600;0;0;-0.472999994;0;0;0;541.1283333;0
269;sep-85;5802.333333;216;106.0043869;10.38158609;1114551;283600;0;0;-0.54199998;0;0;0;391.294;0
270;sep-86;5803.333333;216;106.0043869;10.38158609;1114551;283600;0;0;-0.537333308;0;0;0;358.788;0
271;sep-87;5804.333333;216;106.0043869;10.38158609;1114551;283600;0;0;-0.513333329;0;0;0;479.7303333;0
272;sep-88;5805.333333;216;106.0043869;10.38158609;1114551;283600;0;0;-0.525999987;0;0;0;424.994;0
273;sep-89;5806.333333;216;106.0043869;10.38158609;1114551;283600;0;0;-0.587333299;0;0;0;288.9293333;0
274;sep-90;5807.333333;216;106.0043869;10.38158609;1114551;283600;0;0;-0.542333315;0;0;0;358.8726667;0
275;sep-91;5808.333333;216;106.0043869;10.38158609;1114551;283600;0;0;-0.588333305;0;0;0;207.8256667;0
276;sep-92;5809.333333;216;106.0043869;10.38158609;1114551;283600;0;0;-0.526333308;0;0;0;345.623;0
277;sep-93;5810.333333;216;106.0043869;10.38158609;1114551;283600;0;0;-0.520666663;0;0;0;582.294;0
278;sep-94;5811.333333;216;106.0043869;10.38158609;1114551;283600;0;0;-0.417666655;0;0;0;611.6946667;0
279;sep-95;5812.333333;216;106.0043869;10.38158609;1114551;283600;0;0;-0.537333316;0;0;0;408.1746667;0
280;sep-96;5813.333333;216;106.0043869;10.38158609;1114551;283600;0;0;-0.584666639;0;0;0;313.553;0
281;sep-97;5814.333333;216;106.0043869;10.38158609;1114551;283600;0;0;-0.583999973;0;0;0;290.916;0
282;sep-98;5815.333333;216;106.0043869;10.38158609;1114551;283600;0;0;-0.304999993;0;0;0;594.3026667;0
283;sep-99;5816.333333;216;106.0043869;10.38158609;1114551;283600;0;0;-0.574999982;0;0;0;351.3946667;0
284;sep-00;5817.333333;216;106.0043869;10.38158609;1114551;283600;0;0;-0.562999989;0;0;0;477.2473333;0
285;sep-01;5818.333333;216;106.0043869;10.38158609;1114551;283600;0;0;-0.496999998;0;0;0;749.1943333;0
286;sep-02;5819.333333;216;106.0043869;10.38158609;1114551;283600;0;0;-0.57566664;0;0;0;366.3333333;0
287;sep-03;5820.333333;216;106.0043869;10.38158609;1114551;283600;0;0;-0.57699997;0;0;0;196.1183333;0
288;okt-72;6007.483871;216;106.0043869;10.38158609;1114551;283600;0;0;-0.692580619;0;0;0;284.9787097;0
289;okt-73;6008.483871;216;106.0043869;10.38158609;1114551;283600;0;0;-0.506774179;0;0;0;380.0722581;0
290;okt-74;6009.483871;216;106.0043869;10.38158609;1114551;283600;0;0;-0.504838697;0;0;0;493.3554839;0
291;okt-75;6010.483871;216;106.0043869;10.38158609;1114551;283600;0;0;-0.682258039;0;0;0;397.5019355;0
292;okt-76;6011.483871;216;106.0043869;10.38158609;1114551;283600;0;0;-0.686451582;0;0;0;304.5906452;0
293;okt-77;6012.483871;216;106.0043869;10.38158609;1114551;283600;0;0;-0.664838689;0;0;0;392.5177419;0
294;okt-78;6013.483871;216;106.0043869;10.38158609;1114551;283600;0;0;-0.607419343;0;0;0;480.8287097;0
295;okt-79;6014.483871;216;106.0043869;10.38158609;1114551;283600;0;0;-0.63612901;0;0;0;396.6441935;0
296;okt-80;6015.483871;216;106.0043869;10.38158609;1114551;283600;0;0;-0.539999991;0;0;0;446.1883871;0
297;okt-81;6016.483871;216;106.0043869;10.38158609;1114551;283600;0;0;-0.216774189;0;0;0;669.4358065;0
298;okt-82;6017.483871;216;106.0043869;10.38158609;1114551;283600;0;0;-0.48709676;0;0;0;549.3012903;0
299;okt-83;6018.483871;216;106.0043869;10.38158609;1114551;283600;0;0;-0.503548372;0;0;0;373.5025806;0
300;okt-84;6019.483871;216;106.0043869;10.38158609;1114551;283600;0;0;-0.152903224;0;0;0;723.6848387;0
301;okt-85;6020.483871;216;106.0043869;10.38158609;1114551;283600;0;0;-0.673548363;0;0;0;349.24;0
302;okt-86;6021.483871;216;106.0043869;10.38158609;1114551;283600;0;0;-0.503548367;0;0;0;311.5274194;0
303;okt-87;6022.483871;216;106.0043869;10.38158609;1114551;283600;0;0;-0.472258053;0;0;0;616.6529032;0
304;okt-88;6023.483871;216;106.0043869;10.38158609;1114551;283600;0;0;-0.563548378;0;0;0;673.7122581;0
305;okt-89;6024.483871;216;106.0043869;10.38158609;1114551;283600;0;0;-0.571612886;0;0;0;322.4387097;0
306;okt-90;6025.483871;216;106.0043869;10.38158609;1114551;283600;0;0;-0.63838708;0;0;0;373.6948387;0
307;okt-91;6026.483871;216;106.0043869;10.38158609;1114551;283600;0;0;-0.620645136;0;0;0;378.3632258;0
308;okt-92;6027.483871;216;106.0043869;10.38158609;1114551;283600;0;0;-0.5596774;0;0;0;369.0532258;0
309;okt-93;6028.483871;216;106.0043869;10.38158609;1114551;283600;0;0;-0.334193541;0;0;0;907.8454839;0
310;okt-94;6029.483871;216;106.0043869;10.38158609;1114551;283600;0;0;-0.57677418;0;0;0;450.6390323;0
311;okt-95;6030.483871;216;106.0043869;10.38158609;1114551;283600;0;0;-0.619354827;0;0;0;476.7996774;0
312;okt-96;6031.483871;216;106.0043869;10.38158609;1114551;283600;0;0;-0.642258043;0;0;0;412.0758065;0
313;okt-97;6032.483871;216;106.0043869;10.38158609;1114551;283600;0;0;-0.665161278;0;0;0;466.9364516;0
314;okt-98;6033.483871;216;106.0043869;10.38158609;1114551;283600;0;0;-0.233548382;0;0;0;957.706129;0
315;okt-99;6034.483871;216;106.0043869;10.38158609;1114551;283600;0;0;-0.643225785;0;0;0;473.8164516;0
316;okt-00;6035.483871;216;106.0043869;10.38158609;1114551;283600;0;0;-0.439999996;0;0;0;547.8009677;0
317;okt-01;6036.483871;216;106.0043869;10.38158609;1114551;283600;0;0;-0.404193545;0;0;0;507.59;0
318;okt-02;6037.483871;216;106.0043869;10.38158609;1114551;283600;0;0;-0.522903214;0;0;0;535.436129;0
319;okt-03;6038.483871;216;106.0043869;10.38158609;1114551;283600;0;0;-0.521612894;0;0;0;344.7529032;0
320;nov-72;5853.333333;216;106.0043869;10.38158609;1114551;283600;0;0;-0.550333325;0;0;0;489.9276667;0
321;nov-73;5854.333333;216;106.0043869;10.38158609;1114551;283600;0;0;-0.543999991;0;0;0;612.235;0
322;nov-74;5855.333333;216;106.0043869;10.38158609;1114551;283600;0;0;-0.239666662;0;0;0;820.6713333;0
323;nov-75;5856.333333;216;106.0043869;10.38158609;1114551;283600;0;0;-0.751333315;0;0;0;353.3713333;0
324;nov-76;5857.333333;216;106.0043869;10.38158609;1114551;283600;0;0;-0.773999972;0;0;0;236.2823333;0
325;nov-77;5858.333333;216;106.0043869;10.38158609;1114551;283600;0;0;-0.174333332;0;0;0;548.417;0
326;nov-78;5859.333333;216;106.0043869;10.38158609;1114551;283600;0;0;-0.687666649;0;0;0;281.8333333;0
327;nov-79;5860.333333;216;106.0043869;10.38158609;1114551;283600;0;0;-0.475666658;0;0;0;550.8556667;0
328;nov-80;5861.333333;216;106.0043869;10.38158609;1114551;283600;0;0;-0.527999984;0;0;0;542.393;0
329;nov-81;5862.333333;216;106.0043869;10.38158609;1114551;283600;0;0;-0.012999999;0;0;0;833.508;0
330;nov-82;5863.333333;216;106.0043869;10.38158609;1114551;283600;0;0;-0.490333325;0;0;0;510.6213333;0
331;nov-83;5864.333333;216;106.0043869;10.38158609;1114551;283600;0;0;-0.700666653;0;0;0;317.3913333;0
332;nov-84;5865.333333;216;106.0043869;10.38158609;1114551;283600;0;0;-0.451666663;0;0;0;707.323;0
333;nov-85;5866.333333;216;106.0043869;10.38158609;1114551;283600;0;0;-0.658999982;0;0;0;473.193;0
334;nov-86;5867.333333;216;106.0043869;10.38158609;1114551;283600;0;0;-0.274666661;0;0;0;662.979;0
335;nov-87;5868.333333;216;106.0043869;10.38158609;1114551;283600;0;0;-0.363999996;0;0;0;675.1323333;0
336;nov-88;5869.333333;216;106.0043869;10.38158609;1114551;283600;0;0;-0.673999987;0;0;0;402.5373333;0
337;nov-89;5870.333333;216;106.0043869;10.38158609;1114551;283600;0;0;-0.669666653;0;0;0;427.46;0
338;nov-90;5871.333333;216;106.0043869;10.38158609;1114551;283600;0;0;-0.398333328;0;0;0;696.677;0
339;nov-91;5872.333333;216;106.0043869;10.38158609;1114551;283600;0;0;-0.53099999;0;0;0;567.7503333;0
340;nov-92;5873.333333;216;106.0043869;10.38158609;1114551;283600;0;0;-0.135333333;0;0;0;716.9873333;0
341;nov-93;5874.333333;216;106.0043869;10.38158609;1114551;283600;0;0;-0.724666653;0;0;0;610.2946667;0
342;nov-94;5875.333333;216;106.0043869;10.38158609;1114551;283600;0;0;-0.307666663;0;0;0;747.9443333;0
343;nov-95;5876.333333;216;106.0043869;10.38158609;1114551;283600;0;0;-0.714666656;0;0;0;380.7676667;0
344;nov-96;5877.333333;216;106.0043869;10.38158609;1114551;283600;0;0;-0.219666662;0;0;0;639.4956667;0
345;nov-97;5878.333333;216;106.0043869;10.38158609;1114551;283600;0;0;-0.519999991;0;0;0;286.283;0
346;nov-98;5879.333333;216;106.0043869;10.38158609;1114551;283600;0;0;0.59366666;0;0;0;1771.370333;0
347;nov-99;5880.333333;216;106.0043869;10.38158609;1114551;283600;0;0;-0.614999993;0;0;0;407.223;0
348;nov-00;5881.333333;216;106.0043869;10.38158609;1114551;283600;0;0;-0.378666661;0;0;0;806.243;0
349;nov-01;5882.333333;216;106.0043869;10.38158609;1114551;283600;0;0;-0.34366666;0;0;0;526.848;0
350;nov-02;5883.333333;216;106.0043869;10.38158609;1114551;283600;0;0;0.152666664;0;0;0;1129.834667;0
351;nov-03;5884.333333;216;106.0043869;10.38158609;1114551;283600;0;0;-0.69633332;0;0;0;352.3936667;0
352;dec-72;6070.451613;216;106.0043869;10.38158609;1114551;283600;0;0;-0.296774188;0;0;0;589.4309677;0
353;dec-73;6071.451613;216;106.0043869;10.38158609;1114551;283600;0;0;-0.315161285;0;0;0;687.7145161;0
354;dec-74;6072.451613;216;106.0043869;10.38158609;1114551;283600;0;0;0.528064502;0;0;0;1169.532903;0
355;dec-75;6073.451613;216;106.0043869;10.38158609;1114551;283600;0;0;-0.698387083;0;0;0;470.2719355;0
356;dec-76;6074.451613;216;106.0043869;10.38158609;1114551;283600;0;0;-0.609999985;0;0;0;550.5;0
357;dec-77;6075.451613;216;106.0043869;10.38158609;1114551;283600;0;0;-0.623548383;0;0;0;758.1958065;0
358;dec-78;6076.451613;216;106.0043869;10.38158609;1114551;283600;0;0;-0.72064515;0;0;0;586.6729032;0
359;dec-79;6077.451613;216;106.0043869;10.38158609;1114551;283600;0;0;-0.168387095;0;0;0;806.6674194;0
360;dec-80;6078.451613;216;106.0043869;10.38158609;1114551;283600;0;0;-0.236451606;0;0;0;682.5190323;0
361;dec-81;6079.451613;216;106.0043869;10.38158609;1114551;283600;0;0;0.266129029;0;0;0;1439.970645;0
362;dec-82;6080.451613;216;106.0043869;10.38158609;1114551;283600;0;0;-0.192903222;0;0;0;802.3719355;0
363;dec-83;6081.451613;216;106.0043869;10.38158609;1114551;283600;0;0;-0.549354827;0;0;0;567.7270968;0
364;dec-84;6082.451613;216;106.0043869;10.38158609;1114551;283600;0;0;-0.489032252;0;0;0;759.7393548;0
365;dec-85;6083.451613;216;106.0043869;10.38158609;1114551;283600;0;0;-0.496451606;0;0;0;458.0687097;0
366;dec-86;6084.451613;216;106.0043869;10.38158609;1114551;283600;0;0;-0.282580639;0;0;0;598.0993548;0
367;dec-87;6085.451613;216;106.0043869;10.38158609;1114551;283600;0;0;-0.399032252;0;0;0;715.0096774;0
368;dec-88;6086.451613;216;106.0043869;10.38158609;1114551;283600;0;0;-0.070322576;0;0;0;834.7680645;0
369;dec-89;6087.451613;216;106.0043869;10.38158609;1114551;283600;0;0;-0.513548371;0;0;0;420.2364516;0
370;dec-90;6088.451613;216;106.0043869;10.38158609;1114551;283600;0;0;-0.540645148;0;0;0;700.7174194;0
371;dec-91;6089.451613;216;106.0043869;10.38158609;1114551;283600;0;0;-0.631935466;0;0;0;454.4735484;0
372;dec-92;6090.451613;216;106.0043869;10.38158609;1114551;283600;0;0;0.089999999;0;0;0;1296.213548;0
373;dec-93;6091.451613;216;106.0043869;10.38158609;1114551;283600;0;0;0.012258066;0;0;0;892.6335484;0
374;dec-94;6092.451613;216;106.0043869;10.38158609;1114551;283600;0;0;-0.234516125;0;0;0;606.7783871;0
375;dec-95;6093.451613;216;106.0043869;10.38158609;1114551;283600;0;0;-0.776451588;0;0;0;400.496129;0
376;dec-96;6094.451613;216;106.0043869;10.38158609;1114551;283600;0;0;-0.321612898;0;0;0;1068.026452;0
377;dec-97;6095.451613;216;106.0043869;10.38158609;1114551;283600;0;0;-0.698709664;0;0;0;486.8980645;0
378;dec-98;6096.451613;216;106.0043869;10.38158609;1114551;283600;0;0;-0.347096772;0;0;0;1194.313871;0
379;dec-99;6097.451613;216;106.0043869;10.38158609;1114551;283600;0;0;-0.182903223;0;0;0;788.8374194;0
380;dec-00;6098.451613;216;106.0043869;10.38158609;1114551;283600;0;0;-0.121935481;0;0;0;787.9270968;0
381;dec-01;6099.451613;216;106.0043869;10.38158609;1114551;283600;0;0;-0.083225804;0;0;0;1014.589032;0
382;dec-02;6100.451613;216;106.0043869;10.38158609;1114551;283600;0;0;-0.067419354;0;0;0;896.5883871;0
383;dec-03;6101.451613;216;106.0043869;10.38158609;1114551;283600;0;0;-0.647419341;0;0;0;481.0867742;0
